IdM,nom
1,Machine n°1
2,Machine n°2
3,Machine n°3
4,Machine n°4
5,Machine n°5
6,Machine n°6
7,Machine n°7
8,Machine n°8
9,Machine n°9
10,Machine n°10
11,Machine n°11
12,Machine n°12
13,Machine n°13
14,Machine n°14
15,Machine n°15
16,Machine n°16
17,Machine n°17
18,Machine n°18
19,Machine n°19
20,Machine n°20
21,Machine n°21
22,Machine n°22
23,Machine n°23
24,Machine n°24
25,Machine n°25
26,Machine n°26
27,Machine n°27
28,Machine n°28
29,Machine n°29
30,Machine n°30
31,Machine n°31
32,Machine n°32
33,Machine n°33
34,Machine n°34
35,Machine n°35
36,Machine n°36
37,Machine n°37
38,Machine n°38
39,Machine n°39
40,Machine n°40
41,Machine n°41
42,Machine n°42
43,Machine n°43
44,Machine n°44
45,Machine n°45
46,Machine n°46
47,Machine n°47
48,Machine n°48
49,Machine n°49
50,Machine n°50
