CodeMembre,nom_Membre,adresse,courriel,num_tel,IdD,IdTi,IdRa,IdGr
M1,Michel Robert,Rue Inconnue,user1@mail.com,0600000000,1,1,1,1
M2,Jean Durand,Rue Inconnue,user2@mail.com,0600000000,1,1,1,1
M3,Camille Martin,Rue Inconnue,user3@mail.com,0600000000,1,1,1,1
M4,Marie Thomas,Rue Inconnue,user4@mail.com,0600000000,1,1,1,1
M5,Pierre Bernard,Rue Inconnue,user5@mail.com,0600000000,1,1,1,1
M6,Camille Dubois,Rue Inconnue,user6@mail.com,0600000000,1,1,1,1
M7,Thomas Durand,Rue Inconnue,user7@mail.com,0600000000,1,1,1,1
M8,Michel Robert,Rue Inconnue,user8@mail.com,0600000000,1,1,1,1
M9,Camille Petit,Rue Inconnue,user9@mail.com,0600000000,1,1,1,1
M10,Lea Laurent,Rue Inconnue,user10@mail.com,0600000000,1,1,1,1
M11,Thomas Durand,Rue Inconnue,user11@mail.com,0600000000,1,1,1,1
M12,Jean Martin,Rue Inconnue,user12@mail.com,0600000000,1,1,1,1
M13,Jean Dubois,Rue Inconnue,user13@mail.com,0600000000,1,1,1,1
M14,Lea Richard,Rue Inconnue,user14@mail.com,0600000000,1,1,1,1
M15,Camille Bernard,Rue Inconnue,user15@mail.com,0600000000,1,1,1,1
M16,Lucas Bernard,Rue Inconnue,user16@mail.com,0600000000,1,1,1,1
M17,Jean Bernard,Rue Inconnue,user17@mail.com,0600000000,1,1,1,1
M18,Thomas Martin,Rue Inconnue,user18@mail.com,0600000000,1,1,1,1
M19,Lea Bernard,Rue Inconnue,user19@mail.com,0600000000,1,1,1,1
M20,Nathalie Martin,Rue Inconnue,user20@mail.com,0600000000,1,1,1,1
