IdMo,nom_modèle
1,Modèle Type 1
2,Modèle Type 2
3,Modèle Type 3
4,Modèle Type 4
5,Modèle Type 5
6,Modèle Type 6
7,Modèle Type 7
8,Modèle Type 8
9,Modèle Type 9
10,Modèle Type 10
11,Modèle Type 11
12,Modèle Type 12
13,Modèle Type 13
14,Modèle Type 14
15,Modèle Type 15
16,Modèle Type 16
17,Modèle Type 17
18,Modèle Type 18
19,Modèle Type 19
20,Modèle Type 20
21,Modèle Type 21
22,Modèle Type 22
23,Modèle Type 23
24,Modèle Type 24
25,Modèle Type 25
26,Modèle Type 26
27,Modèle Type 27
28,Modèle Type 28
29,Modèle Type 29
30,Modèle Type 30
31,Modèle Type 31
32,Modèle Type 32
33,Modèle Type 33
34,Modèle Type 34
35,Modèle Type 35
36,Modèle Type 36
37,Modèle Type 37
38,Modèle Type 38
39,Modèle Type 39
40,Modèle Type 40
41,Modèle Type 41
42,Modèle Type 42
43,Modèle Type 43
44,Modèle Type 44
45,Modèle Type 45
46,Modèle Type 46
47,Modèle Type 47
48,Modèle Type 48
49,Modèle Type 49
50,Modèle Type 50
