SIRET,raison_Sociale
80217575013027,Société Bernard
67337796810255,Société Bernard
33466148267712,Société Martin
97521051793847,Société Martin
17953805784596,Société Dubois
60168675442556,Société Martin
19843639679169,Société Dubois
35076304875291,Société Durand
34637666483249,Société Richard
42138348316312,Société Dubois
36456299890661,Société Martin
47106595704087,Société Bernard
92121229918366,Société Thomas
15172385987542,Société Bernard
81457786185348,Société Bernard
54121237600097,Société Thomas
37299408777504,Société Petit
72407757052893,Société Petit
75917520543994,Société Martin
42774421382187,Société Moreau
