IdR,nom_repas,Date_,adr_repas,Nom_Chevalier_Dame
1,Repas 1,2024-01-01,Salle des Fêtes,Responsable
2,Repas 2,2024-01-02,Salle des Fêtes,Responsable
3,Repas 3,2024-01-03,Salle des Fêtes,Responsable
4,Repas 4,2024-01-04,Salle des Fêtes,Responsable
5,Repas 5,2024-01-05,Salle des Fêtes,Responsable
6,Repas 6,2024-01-06,Salle des Fêtes,Responsable
7,Repas 7,2024-01-07,Salle des Fêtes,Responsable
8,Repas 8,2024-01-08,Salle des Fêtes,Responsable
9,Repas 9,2024-01-09,Salle des Fêtes,Responsable
10,Repas 10,2024-01-10,Salle des Fêtes,Responsable
11,Repas 11,2024-01-11,Salle des Fêtes,Responsable
12,Repas 12,2024-01-12,Salle des Fêtes,Responsable
13,Repas 13,2024-01-13,Salle des Fêtes,Responsable
14,Repas 14,2024-01-14,Salle des Fêtes,Responsable
15,Repas 15,2024-01-15,Salle des Fêtes,Responsable
16,Repas 16,2024-01-16,Salle des Fêtes,Responsable
17,Repas 17,2024-01-17,Salle des Fêtes,Responsable
18,Repas 18,2024-01-18,Salle des Fêtes,Responsable
19,Repas 19,2024-01-19,Salle des Fêtes,Responsable
20,Repas 20,2024-01-20,Salle des Fêtes,Responsable
